{
  "accuracy": [
    0.15409110486507416,
    0.19984771311283112,
    0.2141769379377365,
    0.22760625183582306,
    0.23473626375198364,
    0.2445659637451172,
    0.17908070981502533,
    0.2334902435541153,
    0.25017306208610535,
    0.26782500743865967,
    0.2757856845855713
  ],
  "loss": [
    2.6648917198181152,
    2.476430892944336,
    2.4114718437194824,
    2.3889048099517822,
    2.3724308013916016,
    2.313690662384033,
    2.581193447113037,
    2.356928586959839,
    2.273491144180298,
    2.2246487140655518,
    2.2059571743011475
  ],
  "val_accuracy": [
    0.274547815322876,
    0.28649869561195374,
    0.3343023359775543,
    0.28585270047187805,
    0.28520670533180237,
    0.3388243019580841,
    0.25581395626068115,
    0.2709948420524597,
    0.27680879831314087,
    0.27422481775283813,
    0.2829457223415375
  ],
  "val_loss": [
    2.437546730041504,
    2.235487461090088,
    2.45878267288208,
    2.4637999534606934,
    2.631380796432495,
    2.269040822982788,
    2.4049441814422607,
    2.4323861598968506,
    2.462465763092041,
    2.5106728076934814,
    2.4573793411254883
  ],
  "learning_rate": [
    0.0010000000474974513,
    0.0010000000474974513,
    0.0010000000474974513,
    0.0010000000474974513,
    0.0010000000474974513,
    0.0003000000142492354,
    9.999999747378752e-06,
    9.999999747378752e-06,
    9.999999747378752e-06,
    9.999999747378752e-06,
    2.9999998787388904e-06
  ]
}