{
  "accuracy": [
    0.609788179397583
  ],
  "loss": [
    1.214053988456726
  ],
  "val_accuracy": [
    0.4492894113063812
  ],
  "val_loss": [
    1.8725537061691284
  ],
  "learning_rate": [
    0.0010000000474974513
  ]
}